{
    "0": {
        "max_flood_level_w_5_05": 43.1600561741497,
        "max_flood_level_w_5_10": 37.207286099173984,
        "max_flood_level_w_5_15": 27.90146958099058,
        "max_flood_level_w_5_25": 32.9047854253148,
        "max_flood_level_wnw_5_05": 47.94283589373464,
        "max_flood_level_wnw_5_10": 53.882919598157514,
        "max_flood_level_wnw_5_15": 53.94900766952861,
        "max_flood_level_wnw_5_25": 43.417473143826214,
        "max_flood_level_nw_5_05": 47.8483222021876,
        "max_flood_level_nw_5_10": 56.034612562217376,
        "max_flood_level_nw_5_15": 53.45701831216479,
        "max_flood_level_nw_5_25": 41.709082652764494,
        "max_flood_level_nnw_5_05": 46.49685049939245,
        "max_flood_level_nnw_5_10": 50.278437821581235,
        "max_flood_level_nnw_5_15": 39.69616072827387,
        "max_flood_level_nnw_5_25": 38.20250496094775
    },
    "10": {
        "max_flood_level_w_5_05": 10.106739999999661,
        "max_flood_level_w_5_10": 7.695429999999703,
        "max_flood_level_w_5_15": 5.157879999999693,
        "max_flood_level_w_5_25": 6.0770199999996635,
        "max_flood_level_wnw_5_05": 16.867700381035206,
        "max_flood_level_wnw_5_10": 22.116328817022406,
        "max_flood_level_wnw_5_15": 17.629108212876247,
        "max_flood_level_wnw_5_25": 11.939766792326225,
        "max_flood_level_nw_5_05": 16.78854738883615,
        "max_flood_level_nw_5_10": 22.88144832646077,
        "max_flood_level_nw_5_15": 20.002735346407746,
        "max_flood_level_nw_5_25": 12.340502659573872,
        "max_flood_level_nnw_5_05": 12.470959999999707,
        "max_flood_level_nnw_5_10": 15.51374327890602,
        "max_flood_level_nnw_5_15": 12.844374308365502,
        "max_flood_level_nnw_5_25": 7.636719999999684
    },
    "20": {
        "max_flood_level_w_5_05": 4.335399999999652,
        "max_flood_level_w_5_10": 2.979879999999639,
        "max_flood_level_w_5_15": 1.4344299999996224,
        "max_flood_level_w_5_25": 2.392629999999656,
        "max_flood_level_wnw_5_05": 8.205459993597799,
        "max_flood_level_wnw_5_10": 11.26021999717824,
        "max_flood_level_wnw_5_15": 8.58093999999977,
        "max_flood_level_wnw_5_25": 5.402769995857341,
        "max_flood_level_nw_5_05": 7.930149999999742,
        "max_flood_level_nw_5_10": 12.397624343442715,
        "max_flood_level_nw_5_15": 10.682979999999645,
        "max_flood_level_nw_5_25": 5.390139985159294,
        "max_flood_level_nnw_5_05": 5.169129999999711,
        "max_flood_level_nnw_5_10": 7.428789999999765,
        "max_flood_level_nnw_5_15": 5.323599999999658,
        "max_flood_level_nnw_5_25": 2.8514499235953963
    },
    "30": {
        "max_flood_level_w_5_05": 1.4344299999996224,
        "max_flood_level_w_5_10": 0.5035499999997342,
        "max_flood_level_w_5_15": 0.0208199999997305,
        "max_flood_level_w_5_25": 0.32435999999972864,
        "max_flood_level_wnw_5_05": 4.017669999999725,
        "max_flood_level_wnw_5_10": 5.967519999999638,
        "max_flood_level_wnw_5_15": 4.473489999999799,
        "max_flood_level_wnw_5_25": 2.293359999999666,
        "max_flood_level_nw_5_05": 3.618429999999762,
        "max_flood_level_nw_5_10": 6.549939999999708,
        "max_flood_level_nw_5_15": 5.364639999999724,
        "max_flood_level_nw_5_25": 2.216979999999637,
        "max_flood_level_nnw_5_05": 1.8953799999997045,
        "max_flood_level_nnw_5_10": 3.2598399999997127,
        "max_flood_level_nnw_5_15": 1.9459199999997736,
        "max_flood_level_nnw_5_25": 0.3892499999997199
    },
    "40": {
        "max_flood_level_w_5_05": 0.12329999999963093,
        "max_flood_level_w_5_10": -3.410605131648481e-13,
        "max_flood_level_w_5_15": -3.410605131648481e-13,
        "max_flood_level_w_5_25": -3.410605131648481e-13,
        "max_flood_level_wnw_5_05": 1.4604299999996897,
        "max_flood_level_wnw_5_10": 3.0380799699592558,
        "max_flood_level_wnw_5_15": 1.8583899999997016,
        "max_flood_level_wnw_5_25": 0.39062999999976,
        "max_flood_level_nw_5_05": 1.189389999999662,
        "max_flood_level_nw_5_10": 3.2598399999997127,
        "max_flood_level_nw_5_15": 2.4208499999997457,
        "max_flood_level_nw_5_25": 0.322739999999726,
        "max_flood_level_nnw_5_05": 0.12329999999963093,
        "max_flood_level_nnw_5_10": 0.7754399999997759,
        "max_flood_level_nnw_5_15": 0.13091999999932113,
        "max_flood_level_nnw_5_25": -3.410605131648481e-13
    },
    "50": {
        "max_flood_level_w_5_05": -3.410605131648481e-13,
        "max_flood_level_w_5_10": -3.410605131648481e-13,
        "max_flood_level_w_5_15": -3.410605131648481e-13,
        "max_flood_level_w_5_25": -3.410605131648481e-13,
        "max_flood_level_wnw_5_05": 0.1657199999997374,
        "max_flood_level_wnw_5_10": 0.8829899999997224,
        "max_flood_level_wnw_5_15": 0.2754599999996685,
        "max_flood_level_wnw_5_25": -3.410605131648481e-13,
        "max_flood_level_nw_5_05": 0.03758999999968182,
        "max_flood_level_nw_5_10": 1.133999999769003,
        "max_flood_level_nw_5_15": 0.46850999999969645,
        "max_flood_level_nw_5_25": -3.410605131648481e-13,
        "max_flood_level_nnw_5_05": -3.410605131648481e-13,
        "max_flood_level_nnw_5_10": -3.410605131648481e-13,
        "max_flood_level_nnw_5_15": -3.410605131648481e-13,
        "max_flood_level_nnw_5_25": -3.410605131648481e-13
    },
    "60": {
        "max_flood_level_w_5_05": -3.410605131648481e-13,
        "max_flood_level_w_5_10": -3.410605131648481e-13,
        "max_flood_level_w_5_15": -3.410605131648481e-13,
        "max_flood_level_w_5_25": -3.410605131648481e-13,
        "max_flood_level_wnw_5_05": -3.410605131648481e-13,
        "max_flood_level_wnw_5_10": 0.058409999999639695,
        "max_flood_level_wnw_5_15": -3.410605131648481e-13,
        "max_flood_level_wnw_5_25": -3.410605131648481e-13,
        "max_flood_level_nw_5_05": -3.410605131648481e-13,
        "max_flood_level_nw_5_10": 0.058409999999639695,
        "max_flood_level_nw_5_15": -3.410605131648481e-13,
        "max_flood_level_nw_5_25": -3.410605131648481e-13,
        "max_flood_level_nnw_5_05": -3.410605131648481e-13,
        "max_flood_level_nnw_5_10": -3.410605131648481e-13,
        "max_flood_level_nnw_5_15": -3.410605131648481e-13,
        "max_flood_level_nnw_5_25": -3.410605131648481e-13
    },
    "70": {
        "max_flood_level_w_5_05": -3.410605131648481e-13,
        "max_flood_level_w_5_10": -3.410605131648481e-13,
        "max_flood_level_w_5_15": -3.410605131648481e-13,
        "max_flood_level_w_5_25": -3.410605131648481e-13,
        "max_flood_level_wnw_5_05": -3.410605131648481e-13,
        "max_flood_level_wnw_5_10": -3.410605131648481e-13,
        "max_flood_level_wnw_5_15": -3.410605131648481e-13,
        "max_flood_level_wnw_5_25": -3.410605131648481e-13,
        "max_flood_level_nw_5_05": -3.410605131648481e-13,
        "max_flood_level_nw_5_10": -3.410605131648481e-13,
        "max_flood_level_nw_5_15": -3.410605131648481e-13,
        "max_flood_level_nw_5_25": -3.410605131648481e-13,
        "max_flood_level_nnw_5_05": -3.410605131648481e-13,
        "max_flood_level_nnw_5_10": -3.410605131648481e-13,
        "max_flood_level_nnw_5_15": -3.410605131648481e-13,
        "max_flood_level_nnw_5_25": -3.410605131648481e-13
    },
    "80": {
        "max_flood_level_w_5_05": -3.410605131648481e-13,
        "max_flood_level_w_5_10": -3.410605131648481e-13,
        "max_flood_level_w_5_15": -3.410605131648481e-13,
        "max_flood_level_w_5_25": -3.410605131648481e-13,
        "max_flood_level_wnw_5_05": -3.410605131648481e-13,
        "max_flood_level_wnw_5_10": -3.410605131648481e-13,
        "max_flood_level_wnw_5_15": -3.410605131648481e-13,
        "max_flood_level_wnw_5_25": -3.410605131648481e-13,
        "max_flood_level_nw_5_05": -3.410605131648481e-13,
        "max_flood_level_nw_5_10": -3.410605131648481e-13,