{
    "0": [
        43.1600561741497,
        37.207286099173984,
        27.90146958099058,
        32.9047854253148,
        47.94283589373464,
        53.882919598157514,
        53.94900766952861,
        43.417473143826214,
        47.8483222021876,
        56.034612562217376,
        53.45701831216479,
        41.709082652764494,
        46.49685049939245,
        50.278437821581235,
        39.69616072827387,
        38.20250496094775
    ],
    "10": [
        24.070207567797695,
        23.530201529640465,
        17.97752333893777,
        21.722516512608422,
        25.44738630071612,
        25.446597671469988,
        24.542833308393995,
        22.64726554969036,
        25.446597671469988,
        25.79479937118697,
        25.180525264093262,
        22.60703212125594,
        23.417384778215308,
        23.92890280680234,
        21.797956593794368,
        21.800461779153522
    ],
    "20": [
        15.536934337443427,
        14.415356926004506,
        12.58290704270712,
        15.696992784009296,
        15.417071586366944,
        15.401961852217198,
        15.412629913295746,
        15.203206929103601,
        15.401961852217198,
        15.704246363103948,
        15.704246363103948,
        15.17155683584923,
        15.015337109984273,
        15.401961852217198,
        15.17155683584923,
        14.84637110563483
    ],
    "30": [
        9.794229999999686,
        8.595729999999719,
        6.764049999999713,
        8.809989999999686,
        9.293259999999748,
        9.473141246215505,
        8.98404999999974,
        8.47404999999975,
        8.39763999999974,
        9.924237573490757,
        9.924237573490757,
        7.900599999999656,
        8.39763999999974,
        9.473141246215505,
        9.225912585513072,
        6.923499999999706
    ],
    "40": [
        5.256549999999663,
        4.97313999999966,
        4.728849999999682,
        5.10432999999972,
        5.014179999999726,
        5.014179999999726,
        5.014179999999726,
        5.014179999999726,
        5.014179999999726,
        5.034483795710059,
        5.014179999999726,
        5.014179999999726,
        5.014179999999726,
        5.014179999999726,
        5.014179999999726,
        4.728849999999682
    ],
    "50": [
        2.515129999999658,
        2.515129999999658,
        1.9602699999996958,
        2.3357499999996207,
        2.537649999999644,
        2.537649999999644,
        2.537649999999644,
        2.537649999999644,
        2.537649999999644,
        2.537649999999644,
        2.537649999999644,
        2.537649999999644,
        2.537649999999644,
        2.537649999999644,
        2.537649999999644,
        2.252319999999713
    ],
    "60": [
        0.5760599999997567,
        0.5760599999997567,
        0.5760599999997567,
        0.5760599999997567,
        0.6170999999997093,
        0.6170999999997093,
        0.6170999999997093,
        0.6170999999997093,
        0.6170999999997093,
        0.6170999999997093,
        0.6170999999997093,
        0.6170999999997093,
        0.6170999999997093,
        0.6170999999997093,
        0.6170999999997093,
        0.5760599999997567
    ],
    "70": [
        0.0208199999997305,
        0.0208199999997305,
        0.0208199999997305,
        0.0208199999997305,
        0.0208199999997305,
        0.0208199999997305,
        0.0208199999997305,
        0.0208199999997305,
        0.0208199999997305,
        0.0208199999997305,
        0.0208199999997305,
        0.0208199999997305,
        0.0208199999997305,
        0.0208199999997305,
        0.0208199999997305,
        0.0208199999997305
    ],
    "80": [
        -3.410605131648481e-13,
        -3.410605131648481e-13,
        -3.410605131648481e-13,
        -3.410605131648481e-13,
        -3.410605131648481e-13,
        -3.410605131648481e-13,
        -3.410605131648481e-13,
        -3.410605131648481e-13,
        -3.410605131648481e-13,
        -3.410605131648481e-13,
        -3.410605131648481e-13,
        -3.410605131648481e-13,
        -3.410605131648481e-13,
        -3.410605131648481e-13,
        -3.410605131648481e-13,
        -3.410605131648481e-13
    ]
}